,id1,id2,func,type,train
0,2403,23677226,44,0,1
0,479568,23677155,13,0,1
1,2747,23677226,44,0,1
2,7762,23677226,44,0,1
2,479568,23677157,13,0,1
3,10733,23677226,44,0,1
3,479569,23677155,13,0,1
4,479569,23677156,13,0,1
4,12936,23677226,44,0,1
4,531920,23677226,44,4,0
5,13477,23677226,44,0,1
5,479569,23677157,13,0,1
6,479570,23677155,13,0,0
6,28136,23677226,44,0,1
7,28335,23677226,44,0,0
7,479570,23677156,13,0,1
8,8972522,23677226,44,4,1
8,45592,23677226,44,0,1
9,682291,23677155,13,0,1
9,53657,23677226,44,0,1
10,53723,23677226,44,0,1
10,682291,23677156,13,0,1
11,682291,23677157,13,0,1
11,59201,23677226,44,0,0
12,63418,23677226,44,0,1
12,22060129,23677226,44,4,1
12,727500,23677155,13,0,1
13,65494,23677226,44,0,1
14,80862,23677226,44,0,1
14,103828,23677226,44,4,1
15,749901,23677155,13,0,1
15,103830,23677226,44,0,1
16,749901,23677156,13,0,1
16,106154,23677226,44,0,1
17,749901,23677157,13,0,0
17,106155,23677226,44,0,1
18,111979,23677226,44,0,1
18,802699,23677155,13,0,1
19,116120,23677226,44,0,0
19,13088706,23677155,13,4,0
19,802699,23677156,13,0,1
20,120779,23677226,44,0,1
21,124389,23677226,44,0,1
22,16152856,23677226,44,4,0
22,868920,23677156,13,0,0
22,128027,23677226,44,0,0
23,128737,23677226,44,0,1
23,868920,23677157,13,0,1
24,136069,23677226,44,0,1
24,914783,23677155,13,0,0
25,9221721,23677133,7,4,1
25,136939,23677226,44,0,1
25,914783,23677156,13,0,0
26,914783,23677157,13,0,0
26,136940,23677226,44,0,0
27,147669,23677226,44,0,1
27,1181594,23677155,13,0,1
28,1181594,23677156,13,0,1
28,19654781,23677155,13,4,1
28,147994,23677226,44,0,1
29,1181594,23677157,13,0,1
29,157747,23677226,44,0,1
30,157779,23677226,44,0,1
30,1181596,23677155,13,0,0
31,160206,23677226,44,0,1
31,1181596,23677156,13,0,1
32,162829,23677226,44,0,1
32,1181596,23677157,13,0,1
33,1410386,23677155,13,0,1
33,165908,23677226,44,0,0
34,174088,23677226,44,0,1
34,5226973,23677155,13,4,0
35,177744,23677226,44,0,1
35,1410386,23677157,13,0,1
35,17621069,23677155,13,4,0
36,1801671,23677155,13,0,0
36,187829,23677226,44,0,1
37,193054,23677226,44,0,1
37,13160464,23677155,13,4,1
37,1801671,23677156,13,0,1
38,1801671,23677157,13,0,1
38,193561,23677226,44,0,1
39,202152,23677226,44,0,1
39,1928246,23677155,13,0,1
40,202243,23677226,44,0,1
41,203114,23677226,44,0,1
41,1928246,23677157,13,0,1
42,2407324,23677155,13,0,0
42,207272,23677226,44,0,1
43,2407324,23677156,13,0,1
43,211686,23677226,44,0,1
44,2407324,23677157,13,0,1
44,17630906,23677133,7,4,1
44,217751,23677226,44,0,1
45,2408138,23677155,13,0,0
45,224088,23677226,44,0,1
46,227073,23677226,44,0,1
46,2408138,23677156,13,0,1
47,19546,23677138,7,0,0
47,2408138,23677157,13,0,1
47,230247,23677226,44,0,1
48,4758170,23677226,44,4,1
48,234584,23677226,44,0,1
48,2446339,23677155,13,0,0
48,7635628,23677133,7,4,1
49,2446339,23677156,13,0,1
49,235427,23677226,44,0,1
50,2446339,23677157,13,0,1
50,238321,23677226,44,0,1
51,2558197,23677155,13,0,0
51,241852,23677226,44,0,1
52,242006,23677226,44,0,0
53,2558197,23677157,13,0,1
53,2451218,23677155,13,4,1
53,244234,23677226,44,0,1
54,2584059,23677155,13,0,1
54,245666,23677226,44,0,1
55,2584059,23677156,13,0,1
55,250689,23677226,44,0,1
56,7200130,23677155,13,4,1
56,4328782,23677226,44,4,1
56,259444,23677226,44,0,1
56,2584059,23677157,13,0,1
57,2655635,23677155,13,0,1
57,278440,23677226,44,0,1
58,279856,23677226,44,0,1
58,950313,23677226,44,4,1
59,281238,23677226,44,0,1
59,2655635,23677157,13,0,1
60,2670867,23677155,13,0,1
60,281393,23677226,44,0,1
61,10868405,23677155,13,4,0
61,286790,23677226,44,0,1
61,2670867,23677156,13,0,0
62,292891,23677226,44,0,1
62,2670867,23677157,13,0,1
63,296923,23677226,44,0,1
63,13140215,23677155,13,4,1
63,2801895,23677155,13,0,1
64,298518,23677226,44,0,1
65,299390,23677226,44,0,1
65,2801895,23677157,13,0,1
66,2884214,23677155,13,0,1
66,305473,23677226,44,0,1
67,2884214,23677156,13,0,0
67,311167,23677226,44,0,0
68,314562,23677226,44,0,1
68,2884214,23677157,13,0,1
69,334119,23677226,44,0,1
69,6088697,23677157,13,4,1
69,2884218,23677155,13,0,0
70,345909,23677226,44,0,1
70,2884218,23677156,13,0,1
71,23089693,23677133,7,4,0
71,351291,23677226,44,0,1
72,353069,23677226,44,0,1
72,2884219,23677155,13,0,1
73,17621072,23677157,13,4,1
73,357577,23677226,44,0,1
73,2884219,23677156,13,0,0
74,2884219,23677157,13,0,1
74,359837,23677226,44,0,1
75,361552,23677226,44,0,1
75,2948282,23677155,13,0,1
76,370548,23677226,44,0,1
76,2948282,23677156,13,0,0
77,2948282,23677157,13,0,1
77,12122419,23677133,7,4,1
77,17621068,23677157,13,4,1
77,379081,23677226,44,0,1
78,383566,23677226,44,0,1
78,2973245,23677155,13,0,0
79,2973245,23677156,13,0,1
79,396829,23677226,44,0,0
80,7357528,23677157,13,4,0
80,403117,23677226,44,0,1
81,428051,23677226,44,0,1
81,2988615,23677155,13,0,0
82,454282,23677226,44,0,1
82,21273052,23677133,7,4,1
82,2988615,23677156,13,0,1
83,2988615,23677157,13,0,1
83,454858,23677226,44,0,0
84,461152,23677226,44,0,1
84,3000636,23677155,13,0,1
84,2423912,23677157,13,4,0
85,469062,23677226,44,0,0
85,3000636,23677156,13,0,1
86,6972162,23677133,7,4,1
86,469342,23677226,44,0,1
86,3000636,23677157,13,0,1
86,22961758,23677157,13,4,1
87,13088706,23677157,13,4,0
87,473027,23677226,44,0,1
88,474317,23677226,44,0,1
88,3206815,23677156,13,0,1
88,34923,23677137,7,0,1
89,487414,23677226,44,0,1
89,3206815,23677157,13,0,1
89,10258420,23677157,13,4,1
90,9755674,23677226,44,4,1
90,489467,23677226,44,0,0
90,3290612,23677155,13,0,0
91,497857,23677226,44,0,0
91,20328640,23677157,13,4,1
92,512228,23677226,44,0,1
92,3290612,23677157,13,0,1
93,3475974,23677155,13,0,1
93,513247,23677226,44,0,1
94,3475974,23677156,13,0,1
94,518707,23677226,44,0,1
94,3596848,23677157,13,4,1
95,3475974,23677157,13,0,1
95,520194,23677226,44,0,1
96,531921,23677226,44,0,1
96,19654781,23677157,13,4,1
96,4042116,23677155,13,0,0
97,541802,23677226,44,0,1
97,4042116,23677156,13,0,1
98,4042116,23677157,13,0,1
98,546907,23677226,44,0,1
99,563745,23677226,44,0,1
99,40613,23677134,7,0,0
100,4243051,23677156,13,0,1
100,590961,23677226,44,0,1
101,4243051,23677157,13,0,1
101,592518,23677226,44,0,1
101,40613,23677136,7,0,1
102,605830,23677226,44,0,1
102,10174628,23677133,7,4,0
103,4301141,23677156,13,0,0
103,631363,23677226,44,0,1
104,4301141,23677157,13,0,1
104,640610,23677226,44,0,1
105,646741,23677226,44,0,1
106,652691,23677226,44,0,1
107,590962,23677226,44,4,1
107,4409375,23677157,13,0,1
107,661981,23677226,44,0,1
108,4409384,23677155,13,0,1
108,670346,23677226,44,0,1
108,23355904,23677226,44,4,1
109,673503,23677226,44,0,1
109,4409384,23677156,13,0,1
110,4409384,23677157,13,0,1
110,681080,23677226,44,0,1
111,4409393,23677155,13,0,1
111,682347,23677226,44,0,1
112,2086684,23677133,7,4,1
112,10067403,23677226,44,4,1
112,689533,23677226,44,0,1
112,4409393,23677156,13,0,1
113,694025,23677226,44,0,1
113,4409393,23677157,13,0,0
114,4477236,23677155,13,0,0
114,695352,23677226,44,0,1
115,4477236,23677156,13,0,1
115,695791,23677226,44,0,1
116,4477236,23677157,13,0,1
116,714207,23677226,44,0,1
117,4482794,23677155,13,0,1
117,718538,23677226,44,0,1
118,725502,23677226,44,0,1
118,4482794,23677156,13,0,1
119,739815,23677226,44,0,0
119,4482794,23677157,13,0,1
120,3868943,23677226,44,4,0
120,741290,23677226,44,0,1
120,4657480,23677155,13,0,1
121,745912,23677226,44,0,0
121,4128381,23677226,44,4,0
122,4657480,23677157,13,0,0
122,748155,23677226,44,0,1
123,755768,23677226,44,0,1
123,4925096,23677155,13,0,0
124,775736,23677226,44,0,0
124,7200130,23677157,13,4,1
124,4925096,23677156,13,0,1
125,776781,23677226,44,0,1
125,4925096,23677157,13,0,1
125,4490317,23677157,13,4,0
126,4987113,23677155,13,0,1
126,789020,23677226,44,0,1
126,15069644,23677135,7,4,0
126,19076717,23677157,13,4,1
127,4987113,23677156,13,0,1
127,801170,23677226,44,0,0
128,801888,23677226,44,0,1
129,5024007,23677155,13,0,0
129,812841,23677226,44,0,1
130,820540,23677226,44,0,1
131,820623,23677226,44,0,1
131,5024007,23677157,13,0,1
132,821504,23677226,44,0,1
132,21273054,23677135,7,4,1
132,5037656,23677155,13,0,0
132,13140215,23677157,13,4,1
133,843065,23677226,44,0,1
133,5037656,23677156,13,0,1
134,1313371,23677157,13,4,1
134,5037656,23677157,13,0,1
134,847424,23677226,44,0,1
135,426940,23677226,44,4,0
135,853458,23677226,44,0,1
136,5037689,23677156,13,0,1
136,858383,23677226,44,0,1
137,863589,23677226,44,0,1
137,7848932,23677157,13,4,1
137,5037689,23677157,13,0,1
138,5093132,23677155,13,0,0
138,881840,23677226,44,0,1
139,5093132,23677156,13,0,1
139,891391,23677226,44,0,1
140,5093132,23677157,13,0,1
140,892628,23677226,44,0,0
141,910480,23677226,44,0,1
141,5272380,23677155,13,0,1
142,5272380,23677156,13,0,0
142,910690,23677226,44,0,0
142,15064,23677156,13,4,0
143,5272380,23677157,13,0,1
143,911775,23677226,44,0,0
144,912098,23677226,44,0,1
144,5272381,23677155,13,0,1
145,5272381,23677156,13,0,1
145,913384,23677226,44,0,0
146,136941,23677226,44,4,1
146,916275,23677226,44,0,1
146,5272381,23677157,13,0,1
147,927502,23677226,44,0,1
147,5272382,23677155,13,0,1
148,928485,23677226,44,0,1
148,5272382,23677156,13,0,1
149,5272382,23677157,13,0,1
149,932293,23677226,44,0,0
149,45973,23677142,7,0,1
150,5279574,23677155,13,0,1
150,935196,23677226,44,0,0
151,935810,23677226,44,0,1
151,5279574,23677156,13,0,1
152,5279574,23677157,13,0,1
152,936425,23677226,44,0,1
153,5419710,23677155,13,0,0
153,939306,23677226,44,0,1
154,5419710,23677156,13,0,1
154,946512,23677226,44,0,1
154,10258420,23677156,13,4,1
155,3596848,23677156,13,4,1
155,5419710,23677157,13,0,1
155,947102,23677226,44,0,0
156,950312,23677226,44,0,1
157,5540027,23677156,13,0,1
157,2044209,23677226,44,0,1
158,5540027,23677157,13,0,1
158,3868944,23677226,44,0,1
159,4750695,23677226,44,0,0
159,5542265,23677155,13,0,1
159,5226973,23677156,13,4,1
160,6465770,23677226,44,0,1
161,6465771,23677226,44,0,1
162,5805315,23677155,13,0,1
162,6917038,23677226,44,0,1
163,13839383,23677226,44,4,1
163,5805315,23677156,13,0,1
163,7003180,23677226,44,0,0
164,5805315,23677157,13,0,1
164,7171043,23677226,44,0,1
165,8972525,23677226,44,0,1
165,6036290,23677155,13,0,1
166,9755673,23677226,44,0,0
167,6036290,23677157,13,0,0
167,9755676,23677226,44,0,1
168,6310113,23677155,13,0,1
168,10067401,23677226,44,0,1
169,6310113,23677156,13,0,1
169,52273,23677134,7,0,0
169,10067402,23677226,44,0,1
170,11374801,23677135,7,4,1
170,10067404,23677226,44,0,0
170,6310113,23677157,13,0,1
171,6353292,23677155,13,0,1
171,11560330,23677226,44,0,1
172,19076717,23677156,13,4,1
172,11560331,23677226,44,0,0
172,6353292,23677156,13,0,1
173,11674438,23677226,44,0,0
173,6353292,23677157,13,0,1
174,6416636,23677155,13,0,1
174,11976309,23677226,44,0,0
175,12453210,23677226,44,0,0
175,6416636,23677156,13,0,1
176,6416636,23677157,13,0,1
176,13179361,23677226,44,0,1
177,6476018,23677155,13,0,0
177,13179373,23677226,44,0,1
178,13179374,23677226,44,0,1
178,6476018,23677156,13,0,1
178,22181822,23677156,13,4,1
179,13839382,23677226,44,0,0
179,6476018,23677157,13,0,1
180,6482417,23677155,13,0,1
180,13839384,23677226,44,0,1
181,14321901,23677226,44,0,0
181,6482417,23677156,13,0,1
182,14321903,23677226,44,0,0
182,6482417,23677157,13,0,1
183,14321904,23677226,44,0,0
183,6501588,23677155,13,0,1
184,6501588,23677156,13,0,1
184,14321905,23677226,44,0,1
185,6501588,23677157,13,0,1
185,14357839,23677226,44,0,1
185,6088697,19119522,13,4,1
186,6944380,23677155,13,0,1
186,14357855,23677226,44,0,1
187,14357856,23677226,44,0,1
188,15588498,23677226,44,0,0
188,6944380,23677157,13,0,1
189,16152855,23677226,44,0,0
190,6979194,23677156,13,0,1
190,16491811,23677226,44,0,1
191,16491812,23677226,44,0,1
192,16896239,23677226,44,0,1
192,7106275,23677155,13,0,1
193,16896240,23677226,44,0,1
193,7106275,23677156,13,0,1
194,16896241,23677226,44,0,0
194,7106275,23677157,13,0,1
195,18072334,23677226,44,0,1
195,7231842,23677155,13,0,1
196,7231842,23677156,13,0,1
196,18072335,23677226,44,0,0
197,18245809,23677226,44,0,1
197,7231842,23677157,13,0,1
198,18245810,23677226,44,0,1
198,7279295,23677155,13,0,0
199,18245811,23677226,44,0,1
199,7279295,23677156,13,0,1
200,7279295,23677157,13,0,1
200,18245812,23677226,44,0,1
201,19418632,23677226,44,0,0
202,19418633,23677226,44,0,1
202,7305283,23677156,13,0,0
203,7305283,23677157,13,0,1
203,19692114,23677226,44,0,1
203,6088697,10258420,13,4,1
204,6088697,6138230,13,4,0
204,7635076,23677155,13,0,1
204,19910710,23677226,44,0,1
205,20449037,23677226,44,0,1
206,7635076,23677157,13,0,0
206,20789654,23677226,44,0,1
207,7899786,23677155,13,0,1
207,21619743,23677226,44,0,1
208,21665284,23677226,44,0,1
208,7899786,23677156,13,0,1
209,6088697,13912756,13,4,1
209,22174814,23677226,44,0,1
209,7899786,23677157,13,0,1
210,22820417,23677226,44,0,1
210,7981579,23677155,13,0,1
211,23355902,23677226,44,0,1
211,7981579,23677156,13,0,1
211,6088697,19654783,13,4,1
212,23355905,23677226,44,0,1
212,7981579,23677157,13,0,1
213,7986663,23677155,13,0,1
214,6088697,20740028,13,4,1
215,7986663,23677157,13,0,1
216,6088697,16380022,13,4,0
217,8001809,23677156,13,0,1
218,8001809,23677157,13,0,1
219,8008369,23677155,13,0,1
220,8008369,23677156,13,0,1
221,8008369,23677157,13,0,1
222,8206774,23677155,13,0,1
223,8206774,23677156,13,0,0
223,17630908,23677135,7,4,1
224,8206774,23677157,13,0,1
225,8227926,23677155,13,0,1
226,8227926,23677156,13,0,1
227,8227926,23677157,13,0,0
228,8498047,23677155,13,0,0
228,6088697,7839341,13,4,0
229,1721214,6088697,13,4,0
229,8498047,23677156,13,0,0
230,8498047,23677157,13,0,1
231,8682225,23677155,13,0,1
232,8682225,23677156,13,0,1
233,6088697,8586224,13,4,0
233,8682225,23677157,13,0,1
234,8811298,23677155,13,0,1
235,12646326,23677135,7,4,1
235,8811298,23677156,13,0,1
236,8811298,23677157,13,0,1
237,8896155,23677155,13,0,1
238,8896155,23677156,13,0,0
239,8896155,23677157,13,0,1
239,6088697,7200130,13,4,1
240,8998440,23677155,13,0,1
242,8998440,23677157,13,0,1
243,6088697,20328639,13,4,0
244,9414359,23677156,13,0,1
245,6088697,19654780,13,4,1
245,9414359,23677157,13,0,1
245,19260977,23677134,7,4,1
246,6088697,10868405,13,4,1
246,9414360,23677155,13,0,0
247,9414360,23677156,13,0,0
248,9414360,23677157,13,0,1
249,9414363,23677155,13,0,0
250,6088697,19654782,13,4,1
250,9414363,23677156,13,0,0
251,74585,23677146,7,0,1
253,9414364,23677156,13,0,1
254,9414364,23677157,13,0,1
255,9414368,23677155,13,0,1
256,9414368,23677156,13,0,0
257,9414368,23677157,13,0,1
258,9414369,23677155,13,0,1
259,9414369,23677156,13,0,1
259,3596828,17621070,13,4,0
260,9414369,23677157,13,0,1
261,7079645,17621070,13,4,1
261,9479943,23677155,13,0,1
262,9479943,23677156,13,0,1
263,9479943,23677157,13,0,1
264,9598420,23677155,13,0,1
265,9598420,23677156,13,0,1
266,9598420,23677157,13,0,1
267,9708818,23677155,13,0,1
268,9708818,23677156,13,0,1
271,9708819,23677156,13,0,1
272,9708819,23677157,13,0,0
273,2315719,17621070,13,4,0
274,9708829,23677156,13,0,1
275,9708829,23677157,13,0,1
277,9900366,23677156,13,0,1
278,9900366,23677157,13,0,1
279,10048471,23677155,13,0,1
279,9210368,17621070,13,4,1
280,10048471,23677156,13,0,0
281,10048471,23677157,13,0,1
282,10056156,23677155,13,0,1
283,10056156,23677156,13,0,1
284,17621070,22648484,13,4,0
284,10056156,23677157,13,0,1
285,22135738,23677134,7,4,0
285,10163526,23677155,13,0,1
286,10163526,23677156,13,0,1
286,100258,23677139,7,0,1
287,10163526,23677157,13,0,1
288,10274234,23677155,13,0,1
288,11205237,17621070,13,4,1
289,10274234,23677156,13,0,1
290,100258,23677143,7,0,1
290,10274234,23677157,13,0,1
291,10275021,23677155,13,0,1
292,21779336,23677134,7,4,1
292,10275021,23677156,13,0,1
293,10275021,23677157,13,0,0
294,10489284,23677155,13,0,1
295,13088707,17621070,13,4,1
296,10489284,23677157,13,0,0
297,10685284,23677155,13,0,1
298,10685284,23677156,13,0,0
299,4490317,17621070,13,4,0
299,10685284,23677157,13,0,0
300,17621070,19076717,13,4,1
301,10816274,23677156,13,0,1
302,10816274,23677157,13,0,1
303,10829219,23677155,13,0,1
303,22307690,23677134,7,4,1
304,10829219,23677156,13,0,1
304,17621070,19654780,13,4,1
305,10829219,23677157,13,0,1
306,10856256,23677155,13,0,0
307,13140215,17621070,13,4,1
307,10856256,23677156,13,0,0
309,10969249,23677155,13,0,0
309,23089693,23677134,7,4,1
310,1313371,17621070,13,4,1
310,10969249,23677156,13,0,1
311,10969249,23677157,13,0,1
311,3894025,17621070,13,4,1
312,11039579,23677155,13,0,1
314,11039579,23677157,13,0,1
315,7670209,17621070,13,4,1
316,11051820,23677156,13,0,0
316,17630907,23677134,7,4,1
317,11051820,23677157,13,0,1
318,11071921,23677155,13,0,0
319,11071921,23677156,13,0,1
320,11071921,23677157,13,0,1
321,11191280,23677155,13,0,1
321,10496866,19119522,13,4,1
322,11191280,23677156,13,0,1
323,11191280,23677157,13,0,1
323,14009710,19119522,13,4,1
324,11205537,23677155,13,0,1
325,11205537,23677156,13,0,1
327,11256091,23677155,13,0,0
328,11256091,23677156,13,0,1
329,11256091,23677157,13,0,0
330,5405559,23677134,7,4,1
330,966813,19119522,13,4,1
331,19119522,22961758,13,4,1
331,11355676,23677156,13,0,1
332,11355676,23677157,13,0,1
333,11367479,23677155,13,0,1
334,11367479,23677156,13,0,0
335,11367479,23677157,13,0,1
336,19119522,20328640,13,4,1
336,11372483,23677155,13,0,1
337,2315719,19119522,13,4,1
337,120983,23677134,7,4,1
338,11372483,23677157,13,0,1
339,127080,23677136,7,0,0
340,13912756,19119522,13,4,1
340,11658920,23677156,13,0,1
341,11658920,23677157,13,0,1
341,19119522,19654781,13,4,1
342,11866074,23677155,13,0,1
346,11866933,23677156,13,0,1
347,11866933,23677157,13,0,1
348,12409601,23677155,13,0,1
349,21273051,23677134,7,4,1
349,12409601,23677156,13,0,0
350,12409601,23677157,13,0,1
351,12628703,23677155,13,0,1
351,133091,23677134,7,0,1
352,12628703,23677156,13,0,1
353,12628703,23677157,13,0,0
354,12750603,23677155,13,0,0
355,12750603,23677156,13,0,0
356,12750603,23677157,13,0,0
356,426940,531920,44,4,1
357,133091,23677140,7,0,1
357,12831746,23677155,13,0,1
357,11205237,19119522,13,4,1
358,12831746,23677156,13,0,0
359,12831746,23677157,13,0,1
360,12834346,23677155,13,0,1
361,17467511,19119522,13,4,1
361,12834346,23677156,13,0,0
362,12834346,23677157,13,0,1
363,12883936,23677155,13,0,1
364,12883936,23677156,13,0,1
364,426940,590962,44,4,1
365,12883936,23677157,13,0,0
367,12999076,23677156,13,0,1
368,12999076,23677157,13,0,1
369,426940,23355904,44,4,1
369,8533735,19119522,13,4,1
369,13146082,23677155,13,0,1
370,13146082,23677156,13,0,0
371,13146082,23677157,13,0,1
371,7200130,19119522,13,4,1
373,13281621,23677156,13,0,1
373,19076717,19119522,13,4,1
374,13281621,23677157,13,0,0
375,13431733,23677155,13,0,1
376,3596847,19119522,13,4,1
376,426940,8972522,44,4,1
376,13431733,23677156,13,0,1
377,13431733,23677157,13,0,1
378,10868405,19119522,13,4,1
378,13621015,23677155,13,0,1
379,155474,23677134,7,0,1
379,3596849,19119522,13,4,1
380,13621015,23677157,13,0,1
380,13140215,19119522,13,4,1
381,13913361,23677155,13,0,1
382,13913361,23677156,13,0,1
382,19119522,19654782,13,4,1
383,1313371,19119522,13,4,1
383,13913361,23677157,13,0,1
384,14015068,23677155,13,0,1
386,14015068,23677157,13,0,1
387,155474,23677142,7,0,1
388,14121891,23677156,13,0,0
389,426940,10067403,44,4,1
390,14259881,23677155,13,0,1
391,14259881,23677156,13,0,1
392,14259881,23677157,13,0,1
393,14416348,23677155,13,0,1
394,14416348,23677156,13,0,0
395,14416348,23677157,13,0,1
396,426940,22060129,44,4,0
396,14485003,23677155,13,0,1
397,14485003,23677156,13,0,1
398,14485003,23677157,13,0,1
399,14574135,23677155,13,0,1
400,136941,426940,44,4,1
400,14574135,23677156,13,0,1
402,14744159,23677155,13,0,1
403,14744159,23677156,13,0,1
404,14744159,23677157,13,0,1
405,14809923,23677155,13,0,1
406,14809923,23677156,13,0,1
407,14809923,23677157,13,0,1
407,426940,4758170,44,4,1
408,14823678,23677155,13,0,1
409,14823678,23677156,13,0,1
410,14823678,23677157,13,0,1
411,15066658,23677155,13,0,0
411,188502,23677138,7,0,1
412,15066658,23677156,13,0,0
414,15102847,23677155,13,0,1
415,15102847,23677156,13,0,1
416,15102847,23677157,13,0,1
417,15294077,23677155,13,0,0
418,17985016,23677145,7,4,1
418,15294077,23677156,13,0,0
419,15294077,23677157,13,0,1
419,21273053,23677145,7,4,1
420,15375607,23677155,13,0,0
421,15375607,23677156,13,0,1
422,15375607,23677157,13,0,1
423,15564158,23677155,13,0,1
424,15564158,23677156,13,0,1
425,15564158,23677157,13,0,1
426,15666494,23677155,13,0,1
428,426940,3868943,44,4,1
428,15666494,23677157,13,0,1
429,16136108,23677155,13,0,1
430,16136108,23677156,13,0,1
431,16136108,23677157,13,0,0
432,16204711,23677155,13,0,1
433,16204711,23677156,13,0,0
433,426940,4128381,44,4,1
434,16204711,23677157,13,0,1
436,16216215,23677156,13,0,1
436,81754,23677145,7,4,1
437,16216215,23677157,13,0,1
438,16442937,23677155,13,0,0
439,16442937,23677156,13,0,1
439,22307690,23677145,7,4,1
440,16442937,23677157,13,0,1
441,16451700,23677155,13,0,1
442,16451700,23677156,13,0,1
443,16451700,23677157,13,0,1
444,16914987,23677155,13,0,1
445,426940,16152856,44,4,1
445,16914987,23677156,13,0,1
446,16914987,23677157,13,0,1
447,17048141,23677155,13,0,1
447,426940,4328782,44,4,1
448,17048141,23677156,13,0,1
449,17048141,23677157,13,0,1
450,17057125,23677155,13,0,1
451,426940,9755674,44,4,1
451,17057125,23677156,13,0,1
452,17057125,23677157,13,0,1
453,17498236,23677155,13,0,1
456,17624942,23677155,13,0,1
457,17624942,23677156,13,0,1
457,426940,950313,44,4,1
459,6972162,23677145,7,4,1
460,17641541,23677156,13,0,1
461,15064,17621072,13,4,0
462,17800886,23677155,13,0,1
463,17800886,23677156,13,0,1
464,17800886,23677157,13,0,1
465,17989783,23677155,13,0,1
467,17989783,23677157,13,0,0
468,18088116,23677155,13,0,1
469,18088116,23677156,13,0,1
470,17621072,22961758,13,4,1
470,18088116,23677157,13,0,1
471,18357814,23677155,13,0,1
472,18357814,23677156,13,0,1
473,18357814,23677157,13,0,1
473,6138230,17621072,13,4,0
476,209396,23677133,7,0,1
477,18515074,23677155,13,0,1
478,18515074,23677156,13,0,1
479,18515074,23677157,13,0,1
480,18570252,23677155,13,0,1
480,17621072,19654783,13,4,1
481,18570252,23677156,13,0,1
481,17510245,17621072,13,4,1
482,18570252,23677157,13,0,1
483,18758340,23677155,13,0,1
483,17621072,20740028,13,4,1
484,426940,13839383,44,4,1
485,18758340,23677157,13,0,0
486,19137253,23677155,13,0,1
487,19137253,23677156,13,0,1
487,209396,23677144,7,0,1
488,19137253,23677157,13,0,1
489,7436917,17621072,13,4,0
489,19406526,23677155,13,0,1
490,19406526,23677156,13,0,1
493,19466131,23677156,13,0,0
494,19466131,23677157,13,0,1
494,9883524,17621072,13,4,0
495,19569166,23677155,13,0,1
496,19569166,23677156,13,0,0
497,19569166,23677157,13,0,1
498,19752106,23677155,13,0,1
498,13088707,17621072,13,4,1
499,19752106,23677156,13,0,1
500,19752106,23677157,13,0,1
501,19828158,23677155,13,0,1
502,19828158,23677156,13,0,1
502,20181656,23677145,7,4,1
503,19828158,23677157,13,0,0
505,19862707,23677156,13,0,1
506,19862707,23677157,13,0,0
506,17621072,20328639,13,4,1
507,20010244,23677155,13,0,1
507,3596847,17621072,13,4,1
508,17621072,19654780,13,4,1
509,10868405,17621072,13,4,1
509,20010244,23677157,13,0,1
510,3596849,17621072,13,4,1
511,20027640,23677156,13,0,1
511,215863,23677140,7,0,1
512,20027640,23677157,13,0,1
513,20253121,23677155,13,0,1
514,20253121,23677156,13,0,1
515,20253121,23677157,13,0,1
516,20277574,23677155,13,0,1
516,15287811,23677144,7,4,0
517,20277574,23677156,13,0,1
518,20277574,23677157,13,0,1
518,7848932,17621072,13,4,1
519,20336961,23677155,13,0,1
520,20336961,23677156,13,0,1
521,20336961,23677157,13,0,1
522,3596828,10496866,13,4,1
522,20387184,23677155,13,0,1
523,3596828,17621068,13,4,1
523,20387184,23677156,13,0,0
524,3596828,14009710,13,4,1
524,20387184,23677157,13,0,1
525,20387187,23677155,13,0,1
526,20387187,23677156,13,0,0
527,20387187,23677157,13,0,0
528,20635236,23677155,13,0,1
529,20635236,23677156,13,0,0
530,20635236,23677157,13,0,1
531,966813,3596828,13,4,0
531,20765197,23677155,13,0,1
532,20765197,23677156,13,0,1
533,20680657,23677144,7,4,0
533,20765197,23677157,13,0,0
534,20867230,23677155,13,0,1
535,20867230,23677156,13,0,1
535,3596828,10258420,13,4,0
536,20867230,23677157,13,0,0
537,21135057,23677155,13,0,1
538,21135057,23677156,13,0,0
539,21135057,23677157,13,0,0
540,21360254,23677155,13,0,1
541,21360254,23677156,13,0,1
542,21360254,23677157,13,0,0
542,3596828,19654781,13,4,1
542,222982,23677143,7,0,1
543,21516361,23677155,13,0,0
543,3596828,19654783,13,4,1
544,3596828,17510245,13,4,1
544,21516361,23677156,13,0,1
546,21561478,23677155,13,0,1
547,21561478,23677156,13,0,0
548,21561478,23677157,13,0,1
549,21625693,23677155,13,0,0
550,21625693,23677156,13,0,1
551,21625693,23677157,13,0,1
552,21668962,23677155,13,0,1
553,21668962,23677156,13,0,1
554,21668962,23677157,13,0,1
555,21977662,23677155,13,0,1
556,21977662,23677156,13,0,1
557,21977662,23677157,13,0,0
557,3596828,17621073,13,4,1
558,22230122,23677155,13,0,1
559,22230122,23677156,13,0,1
560,22230122,23677157,13,0,1
561,22485235,23677155,13,0,1
562,22485235,23677156,13,0,1
562,3596828,17467511,13,4,1
562,529986,23677144,7,4,1
563,22485235,23677157,13,0,1
564,22513684,23677155,13,0,0
565,22513684,23677156,13,0,1
566,22513684,23677157,13,0,1
566,245876,23677139,7,0,1
569,22513686,23677157,13,0,1
571,22697396,23677156,13,0,1
572,22697396,23677157,13,0,1
573,3596828,4490317,13,4,1
573,22801753,23677155,13,0,1
574,22801753,23677156,13,0,1
575,22801753,23677157,13,0,1
576,22801754,23677155,13,0,1
576,3596828,20328639,13,4,1
577,22801754,23677156,13,0,1
578,22801754,23677157,13,0,1
579,3596828,10868405,13,4,1
580,23128478,23677156,13,0,1
581,3596828,13140215,13,4,1
581,23128478,23677157,13,0,1
582,3596828,22181822,13,4,1
583,3596828,19654782,13,4,1
583,23303673,23677156,13,0,1
584,1313371,3596828,13,4,1
584,23303673,23677157,13,0,1
589,3596828,7670209,13,4,1
591,15064,10496866,13,4,0
594,13799349,23677144,7,4,0
595,15064,7357528,13,4,1
597,15064,7839340,13,4,1
599,15064,2423912,13,4,1
599,16123665,23677144,7,4,1
601,15064,22961758,13,4,1
605,15064,6138230,13,4,1
606,15064,20328640,13,4,1
607,15757836,23677144,7,4,1
611,15064,19654781,13,4,1
612,15064,19654783,13,4,1
621,10174628,23677144,7,4,1
624,15064,7436917,13,4,1
629,15064,7839341,13,4,1
638,16375558,23677144,7,4,1
642,15064,19076717,13,4,1
644,15064,20328639,13,4,1
651,15064,3894025,13,4,1
653,1668091,23677146,7,4,0
660,17630905,23677146,7,4,1
660,7079645,7357528,13,4,1
662,7079645,7839340,13,4,0
664,2423912,7079645,13,4,0
665,966813,7079645,13,4,1
666,3197876,23677146,7,4,1
666,7079645,22961758,13,4,1
667,7079645,13088706,13,4,1
670,6138230,7079645,13,4,1
671,7079645,20328640,13,4,1
676,5127007,23677146,7,4,1
678,531920,590962,44,4,1
679,7079645,9210368,13,4,1
680,7079645,20740028,13,4,1
682,7079645,16380022,13,4,1
683,531920,23355904,44,4,1
690,531920,8972522,44,4,0
694,7079645,7839341,13,4,1
703,531920,10067403,44,4,1
703,17630910,23677146,7,4,0
706,7079645,7200130,13,4,1
708,323857,23677141,7,0,1
710,7079645,20328639,13,4,1
710,531920,22060129,44,4,1
711,15195064,23677146,7,4,1
714,136941,531920,44,4,0
718,1313371,7079645,13,4,1
719,3894025,7079645,13,4,1
720,103828,531920,44,4,0
722,7079645,7848932,13,4,1
722,531920,4758170,44,4,1
723,7079645,7670209,13,4,1
725,10496866,14009710,13,4,1
729,7839340,10496866,13,4,0
731,2423912,10496866,13,4,1
735,344390,23677140,7,0,1
736,344390,23677141,7,0,0
740,10496866,20328638,13,4,1
741,3596848,10496866,13,4,1
743,531920,3868943,44,4,1
745,10496866,17510245,13,4,1
748,531920,4128381,44,4,0
748,5936119,10496866,13,4,1
749,10496866,16380022,13,4,0
751,10496866,17621069,13,4,1
752,15757836,23677146,7,4,1
752,10496866,17621071,13,4,1
754,10496866,22648484,13,4,1
760,531920,16152856,44,4,1
761,7839341,10496866,13,4,1
762,531920,4328782,44,4,1
764,352574,23677141,7,0,1
766,531920,9755674,44,4,1
769,2451218,10496866,13,4,0
769,22486940,23677146,7,4,1
772,531920,950313,44,4,1
774,4490317,10496866,13,4,1
779,10496866,19654780,13,4,1
780,10496866,10868405,13,4,1
786,3894025,10496866,13,4,0
788,5172908,10496866,13,4,1
789,7848932,10496866,13,4,1
794,379353,23677143,7,0,1
796,966813,17621068,13,4,0
799,531920,13839383,44,4,1
799,10258420,17621068,13,4,1
800,2315719,17621068,13,4,1
802,3596848,17621068,13,4,0
807,5936119,17621068,13,4,1
808,5226973,17621068,13,4,1
813,11205237,17621068,13,4,1
817,5127007,23677137,7,4,1
821,2451218,17621068,13,4,1
825,4490317,17621068,13,4,1
826,17621068,19076717,13,4,1
827,6938966,17621068,13,4,0
829,3596847,17621068,13,4,1
833,13140215,17621068,13,4,1
834,17621068,22181822,13,4,1
835,17621068,19654782,13,4,1
836,1313371,17621068,13,4,1
838,21273053,23677137,7,4,1
845,11374801,23677137,7,4,1
848,13088706,14009710,13,4,1
850,10258420,14009710,13,4,1
852,14009710,20328638,13,4,1
858,5226973,14009710,13,4,1
862,403888,23677141,7,0,1
867,14009710,17467511,13,4,1
877,14009710,20328639,13,4,0
878,3596847,14009710,13,4,0
884,412881,23677135,7,0,1
886,21273060,23677137,7,4,0
902,416525,23677139,7,0,1
914,420195,23677137,7,0,1
925,430591,23677134,7,0,1
926,590962,23355904,44,4,1
926,21273054,23677136,7,4,1
927,430591,23677136,7,0,1
931,9221721,23677136,7,4,0
933,14632238,23677136,7,4,0
933,590962,8972522,44,4,1
946,590962,10067403,44,4,1
953,590962,22060129,44,4,1
961,2315719,7357528,13,4,1
961,21273053,23677136,7,4,0
962,103828,590962,44,4,1
962,7357528,20328638,13,4,1
964,590962,4758170,44,4,1
965,21273057,23677136,7,4,0
969,7357528,20740028,13,4,1
970,5936119,7357528,13,4,1
971,7357528,16380022,13,4,1
972,7357528,17621069,13,4,1
985,590962,3868943,44,4,1
990,590962,4128381,44,4,1
990,7357528,8533735,13,4,1
993,4490317,7357528,13,4,0
999,7357528,10868405,13,4,1
1000,3596849,7357528,13,4,1
1001,21273052,23677136,7,4,1
1002,590962,16152856,44,4,1
1003,7357528,19654782,13,4,1
1004,590962,4328782,44,4,1
1004,1313371,7357528,13,4,1
1005,3894025,7357528,13,4,0
1007,5172908,7357528,13,4,1
1012,6622146,23677136,7,4,1
1022,468621,23677133,7,0,1
1032,7327761,23677136,7,4,1
1037,17630908,23677136,7,4,1
1039,590962,13839383,44,4,1
1053,494899,23677136,7,0,0
1061,494899,23677144,7,0,1
1065,21273054,23677139,7,4,1
1071,2423912,7839340,13,4,1
1082,7839340,22648484,13,4,1
1085,7839340,11205237,13,4,1
1087,518518,23677142,7,0,1
1087,1721214,7839340,13,4,1
1095,17985016,23677139,7,4,1
1101,1313371,7839340,13,4,1
1104,7839340,7848932,13,4,1
1108,8972522,23355904,44,4,1
1121,10067403,23355904,44,4,0
1123,534543,23677136,7,0,1
1124,17630907,23677139,7,4,1
1131,136941,23355904,44,4,1
1139,534601,23677138,7,0,1
1156,17630908,23677139,7,4,1
1163,549749,23677134,7,0,1
1163,103828,23355904,44,4,0
1165,4758170,23355904,44,4,0
1169,2423912,20328640,13,4,1
1173,2423912,17510245,13,4,0
1174,2423912,20740028,13,4,1
1182,2423912,11205237,13,4,1
1185,1721214,2423912,13,4,1
1186,3868943,23355904,44,4,1
1190,2423912,8533735,13,4,1
1191,4128381,23355904,44,4,1
1198,2423912,10868405,13,4,1
1199,2423912,3596849,13,4,0
1201,2423912,22181822,13,4,1
1203,16152856,23355904,44,4,1
1205,4328782,23355904,44,4,0
1205,2423912,7848932,13,4,1
1208,966813,13088706,13,4,1
1209,9755674,23355904,44,4,1
1212,966813,20328640,13,4,1
1215,966813,3596848,13,4,0
1215,950313,23355904,44,4,0
1217,966813,19654781,13,4,1
1218,17985016,23677138,7,4,1
1220,966813,9210368,13,4,1
1222,966813,5936119,13,4,1
1223,21273057,23677138,7,4,1
1225,574984,23677140,7,0,1
1227,966813,13160464,13,4,1
1237,966813,17467511,13,4,1
1242,13839383,23355904,44,4,1
1250,966813,6938966,13,4,1
1251,966813,20328639,13,4,1
1252,966813,3596847,13,4,1
1254,589679,23677141,7,0,1
1255,966813,3596849,13,4,1
1258,966813,19654782,13,4,1
1258,13799349,23677138,7,4,1
1259,966813,1313371,13,4,1
1260,966813,3894025,13,4,1
1261,593253,23677134,7,0,1
1267,10606028,23677138,7,4,1
1268,6138230,22961758,13,4,1
1280,16380022,22961758,13,4,0
1282,17621069,22961758,13,4,0
1283,17621071,22961758,13,4,0
1290,11205237,22961758,13,4,1
1306,19076717,22961758,13,4,1
1310,19654780,22961758,13,4,1
1310,621550,23677141,7,0,0
1312,3596849,22961758,13,4,0
1313,15822137,23677141,7,4,1
1316,1313371,22961758,13,4,1
1322,21273054,23677141,7,4,1
1326,9221721,23677141,7,4,1
1327,13088706,20328638,13,4,1
1333,8972522,10067403,44,4,1
1334,5936119,13088706,13,4,1
1336,2067794,23677141,7,4,1
1342,11205237,13088706,13,4,1
1344,7839341,13088706,13,4,1
1345,1721214,13088706,13,4,1
1346,626857,23677135,7,0,1
1349,8972522,22060129,44,4,1
1353,136941,8972522,44,4,1
1353,7200130,13088706,13,4,1
1358,529986,23677141,7,4,0
1359,103828,8972522,44,4,1
1360,10868405,13088706,13,4,0
1361,4758170,8972522,44,4,1
1365,1313371,13088706,13,4,1
1366,3894025,13088706,13,4,0
1368,5172908,13088706,13,4,1
1369,22307690,23677141,7,4,1
1377,12065181,23677141,7,4,1
1382,3868943,8972522,44,4,0
1387,4128381,8972522,44,4,1
1387,22026286,23677141,7,4,1
1388,16123665,23677141,7,4,1
1389,6972162,23677141,7,4,1
1393,657257,23677140,7,0,0
1399,8972522,16152856,44,4,0
1401,4328782,8972522,44,4,1
1402,661927,23677135,7,0,1
1405,8972522,9755674,44,4,1
1411,950313,8972522,44,4,1
1411,661927,23677144,7,0,1
1415,2086684,23677141,7,4,1
1425,6138230,10258420,13,4,0
1430,10258420,13912756,13,4,1
1431,10258420,19654781,13,4,1
1432,10258420,19654783,13,4,1
1433,9385633,23677140,7,4,1
1438,8972522,13839383,44,4,1
1438,5226973,10258420,13,4,0
1440,10258420,17621071,13,4,1
1449,7839341,10258420,13,4,1
1450,1721214,10258420,13,4,1
1454,683955,23677145,7,0,1
1459,8533735,10258420,13,4,1
1463,10258420,19076717,13,4,0
1464,6938966,10258420,13,4,0
1484,21779336,23677140,7,4,1
1485,5226973,6138230,13,4,1
1486,6138230,17621069,13,4,1
1488,6138230,13160464,13,4,1
1491,6138230,17621073,13,4,1
1494,6138230,17467511,13,4,0
1502,6138230,19076717,13,4,1
1503,6138230,6938966,13,4,1
1504,15609432,23677140,7,4,1
1505,3596847,6138230,13,4,1
1507,3596849,6138230,13,4,1
1507,6302678,23677140,7,4,1
1508,6138230,13140215,13,4,0
1513,6138230,7848932,13,4,1
1514,6138230,7670209,13,4,0
1516,3596848,20328640,13,4,1
1526,20328640,22648484,13,4,1
1528,15757836,23677140,7,4,0
1532,1721214,20328640,13,4,0
1533,727155,23677140,7,0,1
1537,22888751,23677140,7,4,1
1538,13088707,20328640,13,4,1
1539,2451218,20328640,13,4,1
1541,8533735,20328640,13,4,0
1543,4490317,20328640,13,4,1
1544,22486940,23677140,7,4,0
1545,6938966,20328640,13,4,1
1549,3596849,20328640,13,4,1
1554,3894025,20328640,13,4,1
1559,2315719,3596848,13,4,0
1560,2315719,13912756,13,4,1
1563,2315719,5226973,13,4,1
1573,1668091,23677143,7,4,1
1577,2315719,6938966,13,4,1
1580,2315719,10868405,13,4,1
1584,1313371,2315719,13,4,1
1592,19654783,20328638,13,4,1
1597,5226973,20328638,13,4,0
1600,20328638,22648484,13,4,1
1601,10067403,22060129,44,4,1
1602,7436917,20328638,13,4,1
1606,8166293,23677143,7,4,1
1609,9883524,20328638,13,4,1
1617,19076717,20328638,13,4,1
1622,13140215,20328638,13,4,1
1627,5172908,20328638,13,4,1
1628,7848932,20328638,13,4,1
1632,3596848,19654783,13,4,1
1632,136941,10067403,44,4,0
1633,3596848,17510245,13,4,1
1636,6302678,23677143,7,4,1
1638,103828,10067403,44,4,1
1640,4758170,10067403,44,4,1
1661,3868943,10067403,44,4,1
1662,3596848,4490317,13,4,1
1662,773930,23677143,7,0,1
1666,4128381,10067403,44,4,1
1670,3596848,13140215,13,4,1
1674,3596848,3894025,13,4,1
1678,3596848,7670209,13,4,1
1678,10067403,16152856,44,4,0
1680,4328782,10067403,44,4,1
1682,9210368,13912756,13,4,1
1684,9755674,10067403,44,4,1
1688,13912756,17621071,13,4,1
1689,13160464,13912756,13,4,1
1690,950313,10067403,44,4,1
1696,6920765,23677142,7,4,1
1697,7839341,13912756,13,4,1
1697,789142,23677136,7,0,1
1710,4490317,13912756,13,4,1
1713,796292,23677138,7,0,1
1714,796292,23677139,7,0,1
1715,13912756,19654780,13,4,1
1717,10067403,13839383,44,4,1
1720,796292,23677145,7,0,1
1724,5172908,13912756,13,4,1
1728,19654781,20740028,13,4,1
1729,5936119,19654781,13,4,0
1730,5226973,19654781,13,4,1
1734,19654781,22648484,13,4,1
1737,17630910,23677142,7,4,1
1738,21273057,23677142,7,4,0
1740,801834,23677137,7,0,0
1740,1721214,19654781,13,4,1
1741,17467511,19654781,13,4,1
1744,13088707,19654781,13,4,1
1749,19076717,19654781,13,4,1
1750,6938966,19654781,13,4,1
1752,3596847,19654781,13,4,0
1758,3894025,19654781,13,4,1
1760,23089693,23677142,7,4,1
1763,19654783,20740028,13,4,1
1767,17621071,19654783,13,4,1
1768,13160464,19654783,13,4,0
1769,19654783,22648484,13,4,0
1773,13799349,23677142,7,4,1
1775,1721214,19654783,13,4,0
1780,13696846,23677142,7,4,1
1781,8533735,19654783,13,4,1
1787,3596847,19654783,13,4,1
1791,19654783,22181822,13,4,1
1802,17510245,17621071,13,4,1
1803,17510245,22648484,13,4,0
1805,862981,23677146,7,0,1
1807,17510245,17621073,13,4,1
1808,11205237,17510245,13,4,1
1810,136941,22060129,44,4,0
1817,4758170,22060129,44,4,0
1818,6938966,17510245,13,4,1
1819,17510245,20328639,13,4,1
1822,3596849,17510245,13,4,1
1824,8054454,23677142,7,4,1
1825,3894025,17510245,13,4,0
1830,5936119,9210368,13,4,0
1837,9210368,17621073,13,4,1
1838,3868943,22060129,44,4,1
1843,4128381,22060129,44,4,1
1847,4490317,9210368,13,4,1
1851,3596847,9210368,13,4,0
1855,16152856,22060129,44,4,1
1857,4328782,22060129,44,4,1
1860,7670209,9210368,13,4,0
1861,9755674,22060129,44,4,1
1861,5936119,20740028,13,4,1
1863,5226973,20740028,13,4,1
1867,950313,22060129,44,4,0
1872,11205237,20740028,13,4,1
1877,9883524,20740028,13,4,1
1879,8586224,20740028,13,4,1
1881,13088707,20740028,13,4,1
1882,2451218,20740028,13,4,1
1884,8533735,20740028,13,4,1
1886,7200130,20740028,13,4,1
1894,13839383,22060129,44,4,1
1895,13140215,20740028,13,4,1
1899,3894025,20740028,13,4,1
1902,7848932,20740028,13,4,1
1904,5936119,16380022,13,4,1
1909,5936119,22648484,13,4,1
1914,5936119,11205237,13,4,1
1917,1721214,5936119,13,4,1
1918,103828,136941,44,4,1
1919,5936119,9883524,13,4,1
1920,136941,4758170,44,4,0
1921,919554,23677136,7,0,1
1923,919554,23677138,7,0,1
1924,2451218,5936119,13,4,1
1929,4490317,5936119,13,4,1
1930,5936119,19076717,13,4,1
1932,5936119,20328639,13,4,0
1934,5936119,19654780,13,4,1
1935,5936119,10868405,13,4,1
1935,921066,23677136,7,0,1
1938,5936119,22181822,13,4,1
1940,1313371,5936119,13,4,0
1943,5172908,5936119,13,4,1
1953,1721214,16380022,13,4,1
1962,937654,23677135,7,0,1
1962,16380022,19076717,13,4,1
1963,6938966,16380022,13,4,1
1964,3596847,16380022,13,4,1
1966,3596849,16380022,13,4,1
1970,136941,3868943,44,4,1
1972,7848932,16380022,13,4,1
1975,5226973,17621071,13,4,0
1975,136941,4128381,44,4,1
1978,1362,17630905,7,4,1
1982,5226973,7839341,13,4,1
1983,941989,23677142,7,0,1
1984,941989,23677143,7,0,1
1987,136941,16152856,44,4,1
1989,136941,4328782,44,4,1
1989,5226973,13088707,13,4,1
1989,944603,23677134,7,0,1
1992,5226973,8533735,13,4,0
1993,136941,9755674,44,4,1
1998,5226973,20328639,13,4,1
1999,3596847,5226973,13,4,1
2005,5226973,19654782,13,4,1
2007,3894025,5226973,13,4,1
2009,949832,23677140,7,0,1
2012,949832,23677143,7,0,1
2019,950505,23677136,7,0,1
2020,950505,23677137,7,0,1
2023,8533735,17621069,13,4,1
2024,1362,21779336,7,4,0
2025,136941,13839383,44,4,1
2026,17621069,19076717,13,4,0
2030,10868405,17621069,13,4,1
2032,13140215,17621069,13,4,0
2038,1362,3338750,7,4,1
2041,17621071,22648484,13,4,1
2050,8586224,17621071,13,4,1
2061,3596847,17621071,13,4,1
2063,10868405,17621071,13,4,0
2065,13140215,17621071,13,4,0
2068,1313371,17621071,13,4,1
2069,1054727,23677144,7,0,1
2070,103828,4758170,44,4,0
2083,9883524,13160464,13,4,1
2091,6938966,13160464,13,4,0
2093,3596847,13160464,13,4,0
2097,13160464,22181822,13,4,1
2098,1362,20660203,7,4,1
2099,1077376,23677146,7,0,0
2100,3894025,13160464,13,4,1
2102,7848932,13160464,13,4,1
2104,15069644,22088424,7,4,1
2106,17621073,22648484,13,4,1
2117,103828,3868943,44,4,1
2118,9221721,22088424,7,4,1
2122,103828,4128381,44,4,1
2128,1197769,23677133,7,0,1
2130,17467511,22648484,13,4,0
2133,8586224,22648484,13,4,0
2134,103828,16152856,44,4,1
2135,15568623,22088424,7,4,1
2136,103828,4328782,44,4,1
2137,8533735,22648484,13,4,1
2139,7200130,22648484,13,4,1
2140,103828,9755674,44,4,1
2146,103828,950313,44,4,1
2150,1214682,23677141,7,0,1
2152,3894025,22648484,13,4,1
2157,1236434,23677134,7,0,1
2158,3198237,22088424,7,4,0
2173,103828,13839383,44,4,1
2177,12065181,22088424,7,4,1
2178,7436917,13088707,13,4,0
2187,7436917,10868405,13,4,1
2187,21273056,22088424,7,4,0
2192,3894025,7436917,13,4,1
2195,5405559,22088424,7,4,1
2195,7436917,7670209,13,4,1
2198,15757836,22088424,7,4,1
2201,1243836,23677136,7,0,1
2203,120983,22088424,7,4,1
2212,3868943,4758170,44,4,1
2217,4128381,4758170,44,4,1
2218,21273055,22088424,7,4,1
2229,11205237,17621073,13,4,1
2232,9883524,17621073,13,4,1
2233,4758170,16152856,44,4,1
2235,4328782,4758170,44,4,1
2239,4758170,9755674,44,4,1
2241,15822137,17630905,7,4,0
2243,6938966,17621073,13,4,1
2245,950313,4758170,44,4,1
2249,13140215,17621073,13,4,1
2251,17621073,19654782,13,4,1
2253,14632238,15822137,7,4,1
2264,8586224,11205237,13,4,1
2266,11205237,13088707,13,4,1
2268,8533735,11205237,13,4,1
2271,1336659,23677136,7,0,1
2272,4758170,13839383,44,4,0
2273,6938966,11205237,13,4,1
2277,10868405,11205237,13,4,1
2278,3596849,11205237,13,4,1
2285,5172908,11205237,13,4,0
2287,7670209,11205237,13,4,1
2312,1426400,23677135,7,0,1
2319,1426400,23677142,7,0,1
2322,7839341,8533735,13,4,1
2323,1426400,23677146,7,0,1
2325,1470511,23677134,7,0,1
2327,3596847,7839341,13,4,1
2331,7839341,22181822,13,4,1
2334,6480424,15822137,7,4,1
2334,1470511,23677143,7,0,1
2335,7839341,7848932,13,4,1
2337,120983,15822137,7,4,1
2337,1721214,17467511,13,4,1
2338,1721214,9883524,13,4,1
2341,15822137,21273060,7,4,1
2342,1721214,13088707,13,4,0
2351,1721214,20328639,13,4,1
2357,1721214,22181822,13,4,1
2357,1555915,23677138,7,0,1
2359,1313371,1721214,13,4,1
2363,1721214,7848932,13,4,1
2364,1721214,7670209,13,4,1
2365,9883524,17467511,13,4,1
2373,6938966,17467511,13,4,1
2374,17467511,20328639,13,4,1
2376,10868405,17467511,13,4,1
2381,1313371,17467511,13,4,1
2384,7848932,17467511,13,4,0
2401,9883524,10868405,13,4,1
2402,3596849,9883524,13,4,1
2411,7670209,9883524,13,4,1
2440,3596849,8586224,13,4,0
2444,1637024,23677141,7,0,1
2444,3894025,8586224,13,4,1
2450,1637025,23677133,7,0,1
2477,13088707,20328639,13,4,1
2478,3596847,13088707,13,4,1
2481,13088707,13140215,13,4,0
2481,1706198,23677136,7,0,1
2482,13088707,22181822,13,4,0
2492,2451218,4490317,13,4,0
2493,2451218,19076717,13,4,1
2496,2451218,3596847,13,4,1
2498,1800281,23677139,7,0,1
2515,3868943,4128381,44,4,1
2519,1807394,23677146,7,0,1
2527,3868943,16152856,44,4,1
2527,7200130,8533735,13,4,1
2529,3868943,4328782,44,4,1
2533,3868943,9755674,44,4,1
2533,8533735,10868405,13,4,1
2535,8533735,13140215,13,4,0
2536,1820121,23677135,7,0,1
2539,950313,3868943,44,4,0
2545,1668091,17583193,7,4,0
2554,1828887,23677139,7,0,0
2559,4490317,7200130,13,4,0
2561,6938966,7200130,13,4,1
2562,3596847,7200130,13,4,1
2562,1668091,21273057,7,4,1
2565,7200130,13140215,13,4,0
2566,3868943,13839383,44,4,1
2568,3894025,7200130,13,4,1
2570,7200130,7848932,13,4,1
2572,4490317,19076717,13,4,1
2574,4490317,20328639,13,4,0
2581,4490317,19654782,13,4,1
2585,4490317,5172908,13,4,1
2588,6938966,19076717,13,4,0
2597,1313371,19076717,13,4,1
2598,3894025,19076717,13,4,0
2600,4128381,16152856,44,4,0
2602,4128381,4328782,44,4,1
2605,6938966,19654780,13,4,1
2606,4128381,9755674,44,4,0
2607,1363,1668091,7,4,1
2608,6938966,13140215,13,4,0
2611,1313371,6938966,13,4,1
2612,1668091,22888751,7,4,1
2614,6938966,7848932,13,4,1
2615,3596847,20328639,13,4,1
2617,10868405,20328639,13,4,1
2620,20328639,22181822,13,4,1
2623,3894025,20328639,13,4,1
2625,5172908,20328639,13,4,1
2626,1874798,23677141,7,0,1
2626,7848932,20328639,13,4,1
2628,3596847,19654780,13,4,0
2631,3596847,13140215,13,4,1
2631,950313,4128381,44,4,1
2632,3596847,22181822,13,4,1
2633,3596847,19654782,13,4,1
2634,1313371,3596847,13,4,1
2639,3596847,7670209,13,4,1
2653,1313371,10868405,13,4,1
2656,12561704,20680657,7,4,1
2658,4128381,13839383,44,4,1
2658,7670209,10868405,13,4,1
2659,3596849,13140215,13,4,1
2662,1972366,23677135,7,0,1
2669,13140215,19654782,13,4,1
2670,1313371,13140215,13,4,1
2671,3894025,13140215,13,4,0
2674,7848932,13140215,13,4,1
2675,7670209,13140215,13,4,0
2678,1981171,23677137,7,0,1
2683,3894025,19654782,13,4,1
2684,5172908,19654782,13,4,1
2685,7848932,19654782,13,4,1
2686,7670209,19654782,13,4,0
2687,1313371,3894025,13,4,1
2689,1313371,5172908,13,4,1
2691,1313371,7670209,13,4,1
2712,12561704,21273060,7,4,0
2732,4328782,16152856,44,4,0
2734,12561704,12646326,7,4,1
2736,9755674,16152856,44,4,1
2742,950313,16152856,44,4,1
2743,12747342,21273054,7,4,1
2759,4449697,12747342,7,4,1
2761,3673682,12747342,7,4,1
2762,12483251,12747342,7,4,1
2769,2062008,23677144,7,0,1
2769,13839383,16152856,44,4,1
2770,8166293,12747342,7,4,1
2777,11939522,12747342,7,4,1
2787,4328782,9755674,44,4,1
2788,950313,4328782,44,4,1
2789,4328782,13839383,44,4,0
2792,81754,12747342,7,4,0
2796,950313,9755674,44,4,1
2811,12747342,21273052,7,4,1
2812,12747342,21273056,7,4,1
2816,2168570,23677135,7,0,0
2819,5405559,12747342,7,4,1
2861,2235436,23677138,7,0,1
2869,14132422,15069644,7,4,0
2886,3673682,15069644,7,4,1
2898,950313,13839383,44,4,0
2909,2263082,23677144,7,0,0
2943,2331294,23677136,7,0,1
2953,10606028,15069644,7,4,1
2990,8786313,15069644,7,4,0
2993,2404010,23677144,7,0,0
2996,2416844,23677133,7,0,1
3000,12646326,15069644,7,4,1
3015,2438827,23677138,7,0,1
3021,2438827,23677144,7,0,1
3028,521113,9385633,7,4,0
3045,2477024,23677140,7,0,1
3054,4272289,9385633,7,4,1
3058,2483705,23677139,7,0,1
3059,2483705,23677140,7,0,1
3065,9066291,9385633,7,4,0
3081,8794510,9385633,7,4,1
3087,2506360,23677140,7,0,1
3088,9385633,21273056,7,4,1
3089,9385633,22026286,7,4,1
3128,2544499,23677139,7,0,1
3129,9385633,11371499,7,4,1
3131,9385633,16375558,7,4,1
3150,5682569,8359775,7,4,1
3154,2630993,23677137,7,0,1
3184,2748906,23677139,7,0,0
3194,8359775,21779336,7,4,1
3204,8359775,9225969,7,4,0
3207,8359775,9066291,7,4,1
3233,2820590,23677146,7,0,0
3237,8359775,10606028,7,4,0
3239,8359775,18378776,7,4,0
3240,6622146,8359775,7,4,1
3259,7327761,8359775,7,4,1
3269,2874111,23677140,7,0,1
3272,8359775,8786313,7,4,1
3284,17630905,19260977,7,4,1
3307,3090795,23677136,7,0,1
3307,12483251,19260977,7,4,0
3324,19260977,21273057,7,4,1
3328,3123622,23677143,7,0,0
3344,19260977,23089693,7,4,1
3355,3126012,23677142,7,0,1
3366,1920567,19260977,7,4,0
3378,10174628,19260977,7,4,1
3405,6920765,17630905,7,4,0
3419,5127007,17630905,7,4,1
3421,17630905,20680657,7,4,1
3425,3178135,23677142,7,0,1
3429,3178135,23677146,7,0,1
3435,8166293,17630905,7,4,0
3436,7635628,17630905,7,4,1
3442,17630905,21273057,7,4,1
3447,11374801,17630905,7,4,0
3532,13295656,15287811,7,4,1
3538,9221721,15287811,7,4,0
3545,15287811,20680657,7,4,1
3547,3419346,23677138,7,0,1
3549,4449697,15287811,7,4,1
3589,3475386,23677138,7,0,1
3605,15287811,21273052,7,4,1
3612,6925921,15287811,7,4,1
3613,3500209,23677134,7,0,1
3625,15287811,22888751,7,4,0
3635,3517394,23677142,7,0,0
3651,3595778,23677144,7,0,1
3652,3595778,23677145,7,0,1
3669,5127007,6920765,7,4,1
3671,6920765,20680657,7,4,0
3679,3721981,23677144,7,0,1
3684,3721994,23677135,7,0,0
3690,6920765,7635628,7,4,1
3702,3769505,23677139,7,0,1
3724,3823290,23677133,7,0,1
3738,6920765,22026286,7,4,1
3739,6920765,16123665,7,4,1
3748,6920765,15757836,7,4,1
3795,3953792,23677134,7,0,1
3796,2086683,3197876,7,4,0
3804,3953792,23677143,7,0,1
3815,2086683,12483251,7,4,1
3822,2086683,15609433,7,4,1
3842,4030760,23677139,7,0,1
3884,2086683,15757836,7,4,1
3889,4097918,23677144,7,0,0
3894,2086683,22888751,7,4,1
3898,4110169,23677139,7,0,1
3909,2086683,14132423,7,4,1
3909,4178103,23677136,7,0,0
3910,2086683,21273059,7,4,1
3934,13295656,14632238,7,4,1
3938,4254071,23677137,7,0,1
3941,4254071,23677140,7,0,1
3948,4254073,23677133,7,0,1
3973,477320,13295656,7,4,1
3978,4278492,23677135,7,0,0
3989,4278492,23677146,7,0,1
4005,6925921,13295656,7,4,1
4029,10598170,13295656,7,4,1
4029,4334636,23677144,7,0,1
4038,8786313,13295656,7,4,1
4046,13295656,20181656,7,4,1
4051,5682569,14132422,7,4,1
4059,5682569,11261440,7,4,1
4073,4360850,23677146,7,0,1
4075,5682569,17630906,7,4,1
4090,3198237,5682569,7,4,0
4106,5682569,12065181,7,4,1
4110,4442345,23677141,7,0,1
4111,5682569,21100204,7,4,1
4115,4442345,23677146,7,0,1
4116,5682569,22026286,7,4,1
4119,4488837,23677136,7,0,1
4123,4488837,23677140,7,0,1
4126,120983,5682569,7,4,0
4127,4488837,23677144,7,0,1
4130,4509735,23677133,7,0,1
4134,5682569,10174628,7,4,1
4146,5682569,22137813,7,4,1
4167,17583193,21273054,7,4,0
4175,15568623,21273054,7,4,1
4189,11939522,21273054,7,4,1
4194,21273054,21779336,7,4,1
4219,6302678,21273054,7,4,0
4226,4647387,23677145,7,0,1
4231,4669651,23677136,7,0,1
4266,13243880,21273054,7,4,1
4277,20181656,21273054,7,4,1
4331,3197876,9225969,7,4,1
4342,4948726,23677135,7,0,1
4351,3197876,21100204,7,4,1
4355,4997927,23677134,7,0,1
4357,3197876,21273056,7,4,1
4368,3197876,15757836,7,4,1
4374,5002810,23677139,7,0,0
4410,5121681,23677133,7,0,0
4447,14132422,21273057,7,4,1
4457,14132422,17583188,7,4,1
4474,14132422,21100204,7,4,1
4479,14132422,21273056,7,4,1
4489,5176682,23677142,7,0,1
4501,5180407,23677140,7,0,1
4503,14132422,22486940,7,4,1
4508,10598170,14132422,7,4,1
4520,6963063,14132422,7,4,1
4546,5236991,23677143,7,0,0
4561,17630909,21779336,7,4,1
4571,9225969,17630909,7,4,1
4577,7227330,17630909,7,4,1
4603,17630909,18378776,7,4,1
4606,1920567,17630909,7,4,1
4629,14132423,17630909,7,4,1
4645,17630909,20660203,7,4,1
4654,20680657,21273058,7,4,1
4655,17583193,21273058,7,4,1
4665,5332053,23677136,7,0,1
4671,5332053,23677142,7,0,1
4685,5362350,23677142,7,0,1
4705,5385367,23677134,7,0,0
4710,8794510,21273058,7,4,1
4716,5385367,23677145,7,0,1
4725,18378776,21273058,7,4,1
4744,7327761,21273058,7,4,1
4754,5475040,23677141,7,0,1
4755,16375558,21273058,7,4,1
4773,5127007,9221721,7,4,0
4775,9221721,20680657,7,4,1
4778,2067794,9221721,7,4,0
4781,3673682,9221721,7,4,0
4787,5496245,23677146,7,0,1
4829,5533628,23677146,7,0,1
4839,9221721,21273052,7,4,1
4850,9221721,18378776,7,4,1
4853,1920567,9221721,7,4,1
4861,5583842,23677136,7,0,1
4903,5626270,23677136,7,0,1
4919,5629980,23677138,7,0,0
4960,5693688,23677137,7,0,1
4965,5693688,23677142,7,0,1
4978,5695068,23677141,7,0,0
4985,5701392,23677134,7,0,0
5012,5709508,23677133,7,0,1
5015,5709508,23677136,7,0,1
5046,11939522,14632238,7,4,1
5057,477320,14632238,7,4,1
5070,5818876,23677135,7,0,0
5079,5818876,23677144,7,0,1
5089,14632238,22026286,7,4,1
5090,5828016,23677141,7,0,1
5095,10606028,14632238,7,4,1
5114,10174628,14632238,7,4,1
5146,5861519,23677141,7,0,1
5173,9075137,17630910,7,4,0
5180,4272289,9075137,7,4,1
5202,5939463,23677141,7,0,1
5217,5953187,23677142,7,0,1
5241,8359774,9075137,7,4,1
5331,12176858,17630907,7,4,0
5341,12176858,16123665,7,4,1
5350,1920567,12176858,7,4,0
5381,12176858,16375558,7,4,1
5392,12176858,12646326,7,4,1
5397,11261440,17583193,7,4,0
5422,11261440,21273057,7,4,1
5422,6181090,23677137,7,0,1
5430,3198237,11261440,7,4,1
5440,11261440,22307690,7,4,0
5440,6187603,23677141,7,0,1
5448,11261440,15609432,7,4,1
5453,6230158,23677140,7,0,1
5459,6230158,23677146,7,0,1
5493,7327761,11261440,7,4,1
5514,3365958,11261440,7,4,1
5524,5127007,12483251,7,4,1
5541,5127007,21779336,7,4,0
5549,6352528,23677138,7,0,0
5559,5127007,12065181,7,4,0
5560,5127007,6302678,7,4,1
5569,5127007,21273052,7,4,1
5589,6583869,23677136,7,0,1
5598,5127007,11892804,7,4,0
5646,6760292,23677137,7,0,1
5687,6795987,23677136,7,0,1
5706,6845354,23677141,7,0,1
5719,6966588,23677140,7,0,1
5736,6989890,23677143,7,0,1
5743,7043771,23677136,7,0,1
5765,9225969,20680657,7,4,1
5768,9066291,20680657,7,4,0
5771,7074779,23677136,7,0,1
5776,878123,20680657,7,4,1
5790,7150666,23677141,7,0,1
5811,20680657,22888751,7,4,1
5821,7327761,20680657,7,4,1
5826,17630908,20680657,7,4,1
5862,7364950,23677143,7,0,0
5863,7635628,17583193,7,4,1
5869,17583193,17630910,7,4,1
5874,17583193,21779336,7,4,0
5883,7388462,23677136,7,0,0
5896,15609432,17583193,7,4,0
5899,6302678,17583193,7,4,0
5900,17583193,22486941,7,4,1
5904,17583193,21100204,7,4,1
5908,7435662,23677133,7,0,1
5914,7435662,23677139,7,0,1
5923,6480424,17583193,7,4,1
5930,17583193,21273060,7,4,1
5937,7455593,23677134,7,0,1
5996,7561967,23677137,7,0,1
6017,7603475,23677144,7,0,1
6071,7693662,23677142,7,0,1
6076,2067794,4449697,7,4,1
6076,7696633,23677133,7,0,0
6083,7696633,23677140,7,0,1
6104,2067794,4272289,7,4,1
6105,7762106,23677134,7,0,0
6120,2067794,7227330,7,4,0
6173,7785429,23677146,7,0,1
6187,7785430,23677146,7,0,1
6194,7785431,23677139,7,0,1
6245,4449697,22486941,7,4,1
6260,4449697,22326008,7,4,0
6288,4449697,21273055,7,4,1
6312,7930609,23677145,7,0,0
6324,521113,11939522,7,4,0
6332,7999521,23677137,7,0,1
6348,8006704,23677139,7,0,1
6351,8006704,23677142,7,0,1
6357,521113,21273056,7,4,1
6362,521113,6925921,7,4,1
6377,8040799,23677140,7,0,1
6387,8071936,23677136,7,0,1
6388,8071936,23677137,7,0,1
6395,8071936,23677144,7,0,1
6411,3673682,17630906,7,4,1
6413,3673682,8166293,7,4,1
6438,8119045,23677145,7,0,0
6446,3673682,23089693,7,4,1
6459,3673682,13799349,7,4,1
6472,8233624,23677137,7,0,1
6486,8257384,23677137,7,0,0
6501,2086684,3673682,7,4,1
6513,3673682,8054454,7,4,0
6532,12483251,21273053,7,4,1
6548,12483251,17583188,7,4,0
6560,878123,12483251,7,4,1
6565,12483251,22486941,7,4,1
6569,8379914,23677136,7,0,0
6588,6480424,12483251,7,4,1
6618,12483251,16375558,7,4,1
6621,8512408,23677146,7,0,1
6634,8513087,23677145,7,0,1
6693,8626755,23677134,7,0,0
6725,8741065,23677138,7,0,1
6741,15568623,17630906,7,4,1
6758,4272289,15568623,7,4,1
6792,15568623,21273056,7,4,1
6796,13696846,15568623,7,4,1
6803,8810332,23677146,7,0,0
6808,8813150,23677137,7,0,1
6824,8829372,23677139,7,0,0
6825,15568623,21273055,7,4,1
6825,8829372,23677140,7,0,1
6826,8829372,23677141,7,0,0
6839,8832284,23677140,7,0,1
6867,8876558,23677140,7,0,1
6872,8876558,23677145,7,0,1
6902,8940133,23677133,7,0,1
7001,9097634,23677134,7,0,0
7030,9105957,23677135,7,0,1
7046,9125152,23677137,7,0,1
7165,477320,10479536,7,4,1
7176,9396597,23677141,7,0,1
7181,6302678,10479536,7,4,1
7191,9397761,23677142,7,0,1
7198,9470469,23677135,7,0,1
7202,6622146,10479536,7,4,1
7207,9470469,23677144,7,0,1
7236,8227164,10479536,7,4,1
7238,9525629,23677133,7,0,1
7260,3198237,15609433,7,4,1
7301,9650837,23677140,7,0,1
7309,10174628,15609433,7,4,1
7311,15609433,22486940,7,4,0
7314,7327761,15609433,7,4,1
7320,14132423,15609433,7,4,1
7321,15609433,21273059,7,4,1
7323,15609433,22137813,7,4,0
7325,13243880,15609433,7,4,0
7363,7227330,17630906,7,4,0
7400,17630906,22888751,7,4,1
7412,17630906,21273055,7,4,1
7412,9984720,23677139,7,0,1
7418,17630906,22137813,7,4,1
7433,6016307,19972831,7,4,1
7457,10089157,23677142,7,0,1
7465,8794510,19972831,7,4,1
7512,10131417,23677141,7,0,0
7521,6016307,8166293,7,4,1
7524,10170678,23677139,7,0,1
7569,8166293,21273056,7,4,1
7583,10313321,23677142,7,0,0
7593,10407212,23677138,7,0,1
7598,10407212,23677143,7,0,1
7601,8166293,21273055,7,4,1
7635,10484126,23677138,7,0,1
7636,10484126,23677139,7,0,0
7637,6016307,15195064,7,4,1
7656,10513112,23677145,7,0,1
7672,6016307,6972162,7,4,0
7685,120983,6016307,7,4,0
7713,10534297,23677146,7,0,1
7729,10555306,23677134,7,0,1
7778,7635628,21273060,7,4,1
7784,10621645,23677133,7,0,1
7785,7635628,8359774,7,4,0
7801,3365958,7635628,7,4,1
7809,10824720,23677144,7,0,0
7887,11138641,23677138,7,0,1
7889,11138641,23677140,7,0,1
7895,11138641,23677146,7,0,1
7929,15609432,17985016,7,4,0
7943,17985016,21273056,7,4,1
7944,11327460,23677139,7,0,1
7948,17985016,22326008,7,4,0
7952,11351198,23677133,7,0,0
7952,17985016,18378776,7,4,0
7964,11351198,23677145,7,0,0
7996,17985016,20181656,7,4,1
7997,12646326,17985016,7,4,1
7999,21273053,22135738,7,4,0
8009,3198237,21273053,7,4,1
8011,11703169,23677136,7,0,1
8014,11703169,23677139,7,0,1
8035,11714316,23677146,7,0,1
8043,13696846,21273053,7,4,1
8044,21273053,22326008,7,4,0
8059,11816411,23677142,7,0,1
8071,11832425,23677140,7,0,1
8079,11833651,23677134,7,0,1
8083,11833651,23677138,7,0,0
8110,7227330,22135738,7,4,1
8119,12121968,23677146,7,0,0
8128,12247511,23677141,7,0,1
8129,12247511,23677142,7,0,1
8137,12248116,23677136,7,0,1
8141,12248116,23677140,7,0,1
8142,21273060,22135738,7,4,1
8156,17630908,22135738,7,4,0
8158,12260540,23677143,7,0,0
8166,8054454,22135738,7,4,1
8168,12269404,23677139,7,0,1
8191,12288290,23677134,7,0,1
8193,7227330,11939522,7,4,1
8201,12288290,23677144,7,0,0
8215,11939522,13696846,7,4,0
8246,12432826,23677133,7,0,1
8301,13799349,17630910,7,4,1
8302,17630910,21273052,7,4,0
8304,17630910,21273056,7,4,1
8327,12584459,23677144,7,0,1
8359,12595197,23677134,7,0,1
8366,12595197,23677141,7,0,1
8371,12595197,23677146,7,0,1
8390,12624126,23677137,7,0,1
8391,21100204,21273057,7,4,1
8431,2086684,21273057,7,4,1
8436,8786313,21273057,7,4,1
8452,12767963,23677143,7,0,1
8471,12812043,23677134,7,0,0
8495,12860887,23677144,7,0,0
8499,12879742,23677134,7,0,1
8506,12879742,23677141,7,0,1
8509,12879742,23677144,7,0,1
8524,12934517,23677145,7,0,0
8525,12934517,23677146,7,0,1
8610,13076072,23677133,7,0,0
8641,529986,23089693,7,4,1
8661,13135770,23677142,7,0,1
8662,529986,6925921,7,4,1
8672,120983,529986,7,4,0
8695,13224904,23677134,7,0,1
8719,13258283,23677144,7,0,1
8746,13330595,23677143,7,0,1
8778,13335722,23677133,7,0,1
8794,13358170,23677135,7,0,1
8812,7227330,11374801,7,4,0
8839,13381059,23677138,7,0,1
8850,11374801,21273060,7,4,1
8856,13451846,23677141,7,0,1
8858,11374801,22486940,7,4,1
8874,13478255,23677145,7,0,1
8878,13491945,23677135,7,0,1
8884,11374801,12646326,7,4,1
8916,13510716,23677145,7,0,1
8929,4272289,22888751,7,4,1
8933,4272289,8359774,7,4,1
8934,13558690,23677135,7,0,1
8953,15195064,17583188,7,4,1
8979,13562860,23677138,7,0,1
8986,13562860,23677145,7,0,1
9031,3198237,9225969,7,4,1
9049,13630878,23677138,7,0,0
9050,3198237,21273052,7,4,1
9056,3198237,13696846,7,4,1
9062,3198237,6622146,7,4,1
9066,13658392,23677141,7,0,1
9118,13731773,23677137,7,0,1
9124,13731773,23677143,7,0,0
9131,477320,22026286,7,4,1
9132,13734686,23677137,7,0,1
9136,477320,10606028,7,4,1
9137,477320,5405559,7,4,1
9144,13773908,23677135,7,0,1
9150,477320,16064530,7,4,1
9159,13780282,23677136,7,0,1
9173,13837593,23677136,7,0,1
9178,13837593,23677141,7,0,1
9192,7041871,23089693,7,4,1
9197,7041871,22486941,7,4,0
9199,13904321,23677134,7,0,1
9222,1363,7041871,7,4,1
9224,13952462,23677145,7,0,1
9228,7041871,22888751,7,4,1
9245,13986291,23677138,7,0,1
9248,13986291,23677141,7,0,1
9264,13986721,23677143,7,0,1
9301,14039746,23677138,7,0,1
9308,14039746,23677145,7,0,1
9311,14062089,23677134,7,0,1
9320,14062089,23677143,7,0,1
9416,14136877,23677141,7,0,0
9418,14136877,23677143,7,0,1
9443,17583188,21273056,7,4,0
9444,17583188,22026286,7,4,0
9449,6925921,17583188,7,4,1
9450,14253967,23677133,7,0,1
9451,14253967,23677134,7,0,0
9469,14253968,23677138,7,0,1
9469,10174628,17583188,7,4,0
9507,9225969,23089693,7,4,1
9508,878123,9225969,7,4,1
9513,14273804,23677140,7,0,1
9525,5405559,9225969,7,4,1
9539,8359774,9225969,7,4,1
9566,81754,12065181,7,4,1
9575,14362217,23677146,7,0,1
9593,14370631,23677136,7,0,1
9594,14370631,23677137,7,0,1
9595,81754,22888751,7,4,0
9598,14370631,23677141,7,0,1
9600,81754,10174628,7,4,1
9601,81754,8359774,7,4,0
9613,14371287,23677142,7,0,1
9617,14371287,23677146,7,0,1
9706,9066291,23089693,7,4,1
9708,9066291,15609432,7,4,1
9728,14507597,23677145,7,0,0
9732,1920567,9066291,7,4,1
9766,9066291,12646326,7,4,0
9767,14543929,23677142,7,0,1
9787,14615632,23677134,7,0,1
9792,14615632,23677139,7,0,1
9802,6480424,22307690,7,4,0
9815,10174628,22307690,7,4,1
9816,8359774,22307690,7,4,1
9830,14665367,23677135,7,0,1
9830,11371499,22307690,7,4,1
9843,14665368,23677134,7,0,1
9870,14775949,23677133,7,0,1
9887,14883249,23677136,7,0,0
9924,14957244,23677145,7,0,0
9936,14958336,23677143,7,0,1
9947,14966555,23677140,7,0,0
9962,14966556,23677141,7,0,1
9970,14982354,23677135,7,0,1
9978,14982354,23677143,7,0,1
9981,14982354,23677146,7,0,0
10014,3338750,10606028,7,4,1
10089,15095879,23677142,7,0,1
10095,7227330,22486940,7,4,1
10104,15142980,23677143,7,0,0
10165,15246531,23677134,7,0,1
10204,16123665,23089693,7,4,1
10215,6480424,23089693,7,4,1
10247,8054454,23089693,7,4,1
10248,3365958,23089693,7,4,1
10253,878123,12065181,7,4,1
10276,878123,15757836,7,4,0
10295,878123,11892804,7,4,1
10299,878123,10598170,7,4,0
10312,15559784,23677141,7,0,1
10324,15563829,23677139,7,0,1
10360,15609432,22137813,7,4,1
10368,8054454,15609432,7,4,1
10369,12646326,15609432,7,4,1
10405,15891729,23677136,7,0,1
10409,15891729,23677140,7,0,1
10417,15891740,23677134,7,0,1
10437,8794510,12065181,7,4,1
10451,15924651,23677140,7,0,1
10464,12065181,21273060,7,4,1
10467,16035291,23677142,7,0,1
10475,7327761,12065181,7,4,0
10487,12065181,16375558,7,4,0
10491,6963063,12065181,7,4,1
10495,8054454,12065181,7,4,1
10510,6302678,22026286,7,4,0
10530,6302678,22888751,7,4,0
10548,16103479,23677139,7,0,0
10560,21273052,22486941,7,4,1
10566,16118684,23677143,7,0,1
10591,21273051,22486941,7,4,1
10593,7327761,22486941,7,4,1
10610,8227164,22486941,7,4,0
10646,16275146,23677139,7,0,1
10650,12122419,22486940,7,4,1
10664,16275150,23677143,7,0,1
10665,12122419,16375558,7,4,1
10678,8794510,17630907,7,4,1
10686,17630907,22026286,7,4,1
10730,16405052,23677139,7,0,1
10731,6963063,17630907,7,4,1
10738,12646326,17630907,7,4,1
10740,8794510,21100204,7,4,1
10750,5405559,8794510,7,4,1
10767,7327761,8794510,7,4,1
10773,2086684,8794510,7,4,1
10780,16571028,23677133,7,0,0
10783,16571028,23677136,7,0,1
10797,10606028,21100204,7,4,1
10798,5405559,21100204,7,4,1
10799,18378776,21100204,7,4,1
10800,6622146,21100204,7,4,1
10810,21100204,21273060,7,4,1
10819,21100204,21273051,7,4,1
10820,16579951,23677145,7,0,1
10828,21100204,21273059,7,4,1
10829,2086684,21100204,7,4,0
10834,8786313,21100204,7,4,1
10845,20660203,21100204,7,4,1
10881,4860089,7327761,7,4,0
10885,16653081,23677140,7,0,1
10905,16655474,23677146,7,0,1
10920,16693486,23677133,7,0,1
10923,16693486,23677136,7,0,1
10965,13799349,21273056,7,4,1
10971,13799349,18378776,7,4,1
10982,13799349,22888751,7,4,1
10999,16820984,23677142,7,0,1
10999,13243880,13799349,7,4,1
11000,13799349,16375558,7,4,1
11001,8786313,13799349,7,4,1
11007,8054454,13799349,7,4,1
11009,16852192,23677138,7,0,1
11021,16871895,23677136,7,0,1
11027,1363,21273052,7,4,0
11038,21273052,22486940,7,4,0
11042,21273052,21273055,7,4,1
11052,8786313,21273052,7,4,1
11062,12646326,21273052,7,4,0
11091,16929312,23677136,7,0,1
11123,21273056,22888751,7,4,1
11148,6963063,21273056,7,4,1
11191,17630908,22026286,7,4,0
11226,17210037,23677145,7,0,1
11230,17212102,23677135,7,0,1
11240,16123665,17630908,7,4,1
11265,6622146,6972162,7,4,1
11293,6972162,21273059,7,4,1
11294,17323499,23677143,7,0,1
11321,17356254,23677142,7,0,0
11325,17356254,23677146,7,0,1
11336,17364382,23677143,7,0,1
11346,13696846,22137813,7,4,1
11384,10598170,22326008,7,4,0
11390,11371499,22326008,7,4,1
11406,17467704,23677143,7,0,1
11424,6925921,17630908,7,4,1
11429,17577167,23677138,7,0,1
11436,17577167,23677145,7,0,1
11446,10606028,15757836,7,4,1
11463,10606028,21273051,7,4,1
11467,10606028,21273055,7,4,1
11475,10606028,11371499,7,4,1
11484,17627330,23677137,7,0,1
11485,3365958,10606028,7,4,1
11524,17734555,23677135,7,0,1
11540,1363,18378776,7,4,1
11562,17778165,23677145,7,0,1
11573,17800181,23677142,7,0,0
11574,17800181,23677143,7,0,1
11595,6622146,7327761,7,4,1
11620,17866017,23677133,7,0,1
11629,17866017,23677142,7,0,1
11646,17880003,23677145,7,0,1
11660,1920567,6480424,7,4,0
11674,1920567,22486940,7,4,1
11677,1920567,7327761,7,4,1
11688,1920567,13243880,7,4,1
11725,6480424,22137813,7,4,1
11730,18210029,23677145,7,0,1
11801,1363,22137813,7,4,1
11805,18298349,23677136,7,0,1
11808,18298349,23677139,7,0,1
11836,120983,21273059,7,4,1
11837,120983,2086684,7,4,1
11844,18369171,23677133,7,0,0
11910,18402828,23677143,7,0,1
11930,18463334,23677135,7,0,1
11957,18476888,23677134,7,0,1
11960,18476888,23677137,7,0,1
11966,18476888,23677143,7,0,1
11986,18532865,23677135,7,0,1
11987,20181656,21273060,7,4,1
12006,18547061,23677141,7,0,1
12034,2086684,16064530,7,4,1
12045,12646326,16064530,7,4,1
12085,18585843,23677136,7,0,0
12133,10174628,21273055,7,4,0
12146,3365958,10174628,7,4,1
12147,18685528,23677142,7,0,1
12152,7327761,8359774,7,4,1
12157,8359774,17630908,7,4,1
12172,18806015,23677139,7,0,1
12220,20660203,21273051,7,4,1
12226,11892804,17630908,7,4,1
12227,11892804,21273059,7,4,1
12228,2086684,11892804,7,4,0
12246,7327761,17630908,7,4,1
12264,7327761,12646326,7,4,1
12266,19008074,23677135,7,0,0
12273,19008074,23677142,7,0,1
12288,19068322,23677143,7,0,1
12294,19095601,23677135,7,0,1
12299,19095601,23677140,7,0,1
12300,19095601,23677141,7,0,1
12333,19135765,23677146,7,0,1
12359,14132423,21273059,7,4,1
12369,19170235,23677140,7,0,1
12371,14132423,20181656,7,4,1
12376,11371499,21273059,7,4,0
12378,19204899,23677135,7,0,1
12387,3365958,21273059,7,4,1
12402,2086684,3365958,7,4,1
12423,19348945,23677138,7,0,1
12435,8227164,16375558,7,4,1
12451,19358125,23677138,7,0,1
12469,6963063,8227164,7,4,1
12474,19358127,23677133,7,0,0
12540,19498173,23677143,7,0,1
12551,19539601,23677140,7,0,0
12552,19539601,23677141,7,0,1
12624,19635101,23677143,7,0,1
12673,19658635,23677136,7,0,1
12695,19658639,23677144,7,0,0
12703,19658643,23677138,7,0,1
12718,19658649,23677139,7,0,0
12746,19673242,23677139,7,0,1
12758,19680898,23677137,7,0,1
12836,19731645,23677145,7,0,1
12841,19747588,23677136,7,0,0
12852,19786510,23677133,7,0,1
12856,19786510,23677137,7,0,1
12939,19883631,23677136,7,0,0
12966,19914231,23677135,7,0,1
13015,19954473,23677142,7,0,1
13129,20143578,23677144,7,0,1
13132,20161795,23677133,7,0,1
13197,20279241,23677142,7,0,1
13220,20308090,23677137,7,0,1
13228,20308090,23677145,7,0,1
13282,20383563,23677143,7,0,1
13291,20432115,23677138,7,0,1
13342,20470497,23677133,7,0,1
13362,20471645,23677139,7,0,1
13366,20471645,23677143,7,0,1
13467,20601111,23677146,7,0,0
13482,20639772,23677133,7,0,1
13487,20639772,23677138,7,0,1
13558,20707231,23677139,7,0,1
13577,20727054,23677144,7,0,1
13675,20976464,23677144,7,0,0
13693,21006642,23677134,7,0,1
13707,21039957,23677134,7,0,1
13738,21047708,23677137,7,0,1
13812,21122719,23677141,7,0,0
13832,21122721,23677133,7,0,1
13845,21122721,23677146,7,0,1
13896,21175287,23677141,7,0,0
13974,21224444,23677135,7,0,1
14001,21285350,23677134,7,0,1
14020,21514569,23677139,7,0,0
14049,21554477,23677140,7,0,1
14059,21575674,23677136,7,0,1
14097,21607021,23677146,7,0,1
14187,21781242,23677138,7,0,1
14189,21781242,23677140,7,0,1
14192,21781242,23677143,7,0,1
14200,21807010,23677137,7,0,1
14254,21872530,23677135,7,0,1
14268,21914511,23677135,7,0,0
14276,21914511,23677143,7,0,1
14282,21920836,23677135,7,0,1
14296,21940171,23677135,7,0,1
14319,21950639,23677144,7,0,1
14363,22008893,23677146,7,0,1
14365,22053890,23677134,7,0,0
14376,22053890,23677145,7,0,1
14405,22077976,23677146,7,0,1
14417,22100520,23677144,7,0,1
14482,22310637,23677139,7,0,1
14512,22389985,23677141,7,0,1
14546,22486859,23677133,7,0,1
14639,22544014,23677142,7,0,1
14708,22737498,23677141,7,0,1
14715,22891844,23677134,7,0,1
14719,22891844,23677138,7,0,0
14847,23077186,23677140,7,0,1
14859,23114872,23677138,7,0,1
14861,23114872,23677140,7,0,1
14866,23114872,23677145,7,0,0
14870,23169453,23677135,7,0,1
14881,23169453,23677146,7,0,0
14904,23246356,23677141,7,0,1
14917,23284625,23677140,7,0,1
14922,23284625,23677145,7,0,1
14927,23347509,23677136,7,0,1
14943,23357894,23677138,7,0,1
14952,23365039,23677133,7,0,0
14973,23365203,23677140,7,0,1
14984,23365205,23677137,7,0,1
15049,23505758,23677146,7,0,1
15079,23577329,23677134,7,0,1
15115,23596004,23677142,7,0,1
15152,23654567,23677137,7,0,1
